Date,Open,High,Low,Close,Volume,Dividends,Stock Splits,Capital Gains
2024-01-30 00:00:00+02:00,0.3199999928474426,0.335999995470047,0.3199999928474426,0.32600000500679016,30066134,0.0,0.0,0.0
2024-01-31 00:00:00+02:00,0.32600000500679016,0.3319999873638153,0.2939999997615814,0.296999990940094,34032676,0.0,0.0,0.0
2024-02-01 00:00:00+02:00,0.296999990940094,0.31200000643730164,0.27300000190734863,0.30399999022483826,11209790,0.0,0.0,0.0
2024-02-04 00:00:00+02:00,0.30399999022483826,0.3100000023841858,0.29499998688697815,0.29499998688697815,10374996,0.0,0.0,0.0
2024-02-05 00:00:00+02:00,0.29499998688697815,0.3190000057220459,0.29499998688697815,0.3109999895095825,17077610,0.0,0.0,0.0
2024-02-06 00:00:00+02:00,0.3109999895095825,0.3149999976158142,0.30300000309944153,0.30399999022483826,12189857,0.0,0.0,0.0
2024-02-07 00:00:00+02:00,0.30399999022483826,0.30799999833106995,0.3009999990463257,0.30300000309944153,4349452,0.0,0.0,0.0
2024-02-08 00:00:00+02:00,0.30300000309944153,0.3140000104904175,0.3019999861717224,0.30300000309944153,8873029,0.0,0.0,0.0
2024-02-11 00:00:00+02:00,0.30300000309944153,0.3089999854564667,0.2930000126361847,0.29499998688697815,10089228,0.0,0.0,0.0
2024-02-12 00:00:00+02:00,0.29499998688697815,0.30000001192092896,0.2879999876022339,0.2930000126361847,5983566,0.0,0.0,0.0
2024-02-13 00:00:00+02:00,0.2930000126361847,0.3019999861717224,0.29100000858306885,0.29499998688697815,11438266,0.0,0.0,0.0
2024-02-14 00:00:00+02:00,0.29499998688697815,0.30000001192092896,0.2939999997615814,0.29899999499320984,6086169,0.0,0.0,0.0
2024-02-15 00:00:00+02:00,0.29899999499320984,0.30300000309944153,0.2980000078678131,0.29899999499320984,10997158,0.0,0.0,0.0
2024-02-18 00:00:00+02:00,0.29899999499320984,0.29899999499320984,0.29899999499320984,0.29899999499320984,0,0.0,0.0,0.0
2024-02-19 00:00:00+02:00,0.3089999854564667,0.3160000145435333,0.3059999942779541,0.3089999854564667,10065585,0.0,0.0,0.0
2024-02-20 00:00:00+02:00,0.3089999854564667,0.31299999356269836,0.30799999833106995,0.30799999833106995,11280268,0.0,0.0,0.0
2024-02-21 00:00:00+02:00,0.30799999833106995,0.31200000643730164,0.30399999022483826,0.3059999942779541,10331929,0.0,0.0,0.0
2024-02-22 00:00:00+02:00,0.3059999942779541,0.3109999895095825,0.30399999022483826,0.3089999854564667,11347526,0.0,0.0,0.0
2024-02-25 00:00:00+02:00,0.3089999854564667,0.3070000112056732,0.28999999165534973,0.2930000126361847,15675064,0.0,0.0,0.0
2024-02-26 00:00:00+02:00,0.2930000126361847,0.2980000078678131,0.2930000126361847,0.2939999997615814,4057999,0.0,0.0,0.0
2024-02-27 00:00:00+02:00,0.2939999997615814,0.29899999499320984,0.2919999957084656,0.2930000126361847,6213415,0.0,0.0,0.0
2024-02-28 00:00:00+02:00,0.2930000126361847,0.2980000078678131,0.2800000011920929,0.28700000047683716,7887215,0.0,0.0,0.0
2024-02-29 00:00:00+02:00,0.28700000047683716,0.29100000858306885,0.27399998903274536,0.2879999876022339,4412056,0.0,0.0,0.0
2024-03-03 00:00:00+02:00,0.2879999876022339,0.28999999165534973,0.2800000011920929,0.2849999964237213,5572898,0.0,0.0,0.0
2024-03-04 00:00:00+02:00,0.2849999964237213,0.2879999876022339,0.2840000092983246,0.2849999964237213,3009133,0.0,0.0,0.0
2024-03-05 00:00:00+02:00,0.2849999964237213,0.28999999165534973,0.28299999237060547,0.2840000092983246,5207682,0.0,0.0,0.0
2024-03-06 00:00:00+02:00,0.2840000092983246,0.2849999964237213,0.27000001072883606,0.2750000059604645,5748841,0.0,0.0,0.0
2024-03-07 00:00:00+02:00,0.2750000059604645,0.28200000524520874,0.2709999978542328,0.2759999930858612,3201940,0.0,0.0,0.0
2024-03-10 00:00:00+02:00,0.2759999930858612,0.2800000011920929,0.2709999978542328,0.2800000011920929,2986323,0.0,0.0,0.0
2024-03-11 00:00:00+02:00,0.2800000011920929,0.28299999237060547,0.2750000059604645,0.2750000059604645,2851439,0.0,0.0,0.0
2024-03-12 00:00:00+02:00,0.2750000059604645,0.2809999883174896,0.2630000114440918,0.26899999380111694,6534321,0.0,0.0,0.0
2024-03-13 00:00:00+02:00,0.26899999380111694,0.2709999978542328,0.25600001215934753,0.25999999046325684,3380828,0.0,0.0,0.0
2024-03-14 00:00:00+02:00,0.25999999046325684,0.26499998569488525,0.2549999952316284,0.26100000739097595,2291246,0.0,0.0,0.0
2024-03-17 00:00:00+02:00,0.26100000739097595,0.28700000047683716,0.2619999945163727,0.28700000047683716,13816859,0.0,0.0,0.0
2024-03-18 00:00:00+02:00,0.28700000047683716,0.30399999022483826,0.26600000262260437,0.2669999897480011,22283641,0.0,0.0,0.0
2024-03-19 00:00:00+02:00,0.2669999897480011,0.27000001072883606,0.25,0.25600001215934753,9257045,0.0,0.0,0.0
2024-03-20 00:00:00+02:00,0.25600001215934753,0.2680000066757202,0.2529999911785126,0.25699999928474426,6932692,0.0,0.0,0.0
2024-03-21 00:00:00+02:00,0.25699999928474426,0.28200000524520874,0.26100000739097595,0.28200000524520874,13672362,0.0,0.0,0.0
2024-03-24 00:00:00+02:00,0.28200000524520874,0.3059999942779541,0.28600001335144043,0.29600000381469727,18805531,0.0,0.0,0.0
2024-03-25 00:00:00+02:00,0.29600000381469727,0.2919999957084656,0.25999999046325684,0.2759999930858612,90794796,0.0,0.0,0.0
2024-03-26 00:00:00+02:00,0.2759999930858612,0.2879999876022339,0.2669999897480011,0.2879999876022339,69262413,0.0,0.0,0.0
2024-03-27 00:00:00+02:00,0.2879999876022339,0.2980000078678131,0.27900001406669617,0.28299999237060547,80504450,0.0,0.0,0.0
2024-03-28 00:00:00+02:00,0.28299999237060547,0.2849999964237213,0.2720000147819519,0.27399998903274536,33629233,0.0,0.0,0.0
2024-03-31 00:00:00+02:00,0.27399998903274536,0.27799999713897705,0.2540000081062317,0.2619999945163727,21623772,0.0,0.0,0.0
2024-04-01 00:00:00+02:00,0.2619999945163727,0.27300000190734863,0.25699999928474426,0.2720000147819519,21821228,0.0,0.0,0.0
2024-04-02 00:00:00+02:00,0.2720000147819519,0.28299999237060547,0.2630000114440918,0.2800000011920929,38171928,0.0,0.0,0.0
2024-04-03 00:00:00+02:00,0.2800000011920929,0.28999999165534973,0.27300000190734863,0.28999999165534973,56498324,0.0,0.0,0.0
2024-04-04 00:00:00+02:00,0.28999999165534973,0.2939999997615814,0.2849999964237213,0.2879999876022339,37112211,0.0,0.0,0.0
2024-04-07 00:00:00+02:00,0.2879999876022339,0.28999999165534973,0.2759999930858612,0.27799999713897705,17802707,0.0,0.0,0.0
2024-04-08 00:00:00+02:00,0.27799999713897705,0.2800000011920929,0.2709999978542328,0.2759999930858612,14522000,0.0,0.0,0.0
2024-04-15 00:00:00+02:00,0.2759999930858612,0.2809999883174896,0.2709999978542328,0.2759999930858612,15024446,0.0,0.0,0.0
2024-04-16 00:00:00+02:00,0.2759999930858612,0.2800000011920929,0.27399998903274536,0.2750000059604645,18216447,0.0,0.0,0.0
2024-04-17 00:00:00+02:00,0.2750000059604645,0.27799999713897705,0.2709999978542328,0.27300000190734863,21163557,0.0,0.0,0.0
2024-04-18 00:00:00+02:00,0.27300000190734863,0.2770000100135803,0.25600001215934753,0.2590000033378601,26159823,0.0,0.0,0.0
2024-04-21 00:00:00+02:00,0.2590000033378601,0.26899999380111694,0.2590000033378601,0.2619999945163727,17082401,0.0,0.0,0.0
2024-04-22 00:00:00+02:00,0.2619999945163727,0.26600000262260437,0.257999986410141,0.25999999046325684,14411134,0.0,0.0,0.0
2024-04-23 00:00:00+02:00,0.25999999046325684,0.26100000739097595,0.24799999594688416,0.24899999797344208,12181243,0.0,0.0,0.0
2024-04-24 00:00:00+02:00,0.24899999797344208,0.25099998712539673,0.20999999344348907,0.23199999332427979,17990714,0.0,0.0,0.0
2024-04-28 00:00:00+03:00,0.23199999332427979,0.23199999332427979,0.23199999332427979,0.23199999332427979,0,0.0,0.0,0.0
2024-04-29 00:00:00+03:00,0.23100000619888306,0.24300000071525574,0.23000000417232513,0.2409999966621399,18212029,0.0,0.0,0.0
2024-04-30 00:00:00+03:00,0.2409999966621399,0.2409999966621399,0.2150000035762787,0.22100000083446503,21007608,0.0,0.0,0.0
2024-05-02 00:00:00+03:00,0.23199999332427979,0.23399999737739563,0.2280000001192093,0.23000000417232513,10264398,0.0,0.0,0.0
2024-05-07 00:00:00+03:00,0.23000000417232513,0.2329999953508377,0.22300000488758087,0.2280000001192093,7587885,0.0,0.0,0.0
2024-05-08 00:00:00+03:00,0.2280000001192093,0.23199999332427979,0.2240000069141388,0.22599999606609344,14398123,0.0,0.0,0.0
2024-05-09 00:00:00+03:00,0.22599999606609344,0.2280000001192093,0.22100000083446503,0.22499999403953552,5787827,0.0,0.0,0.0
2024-05-12 00:00:00+03:00,0.22499999403953552,0.22499999403953552,0.20499999821186066,0.20600000023841858,20574501,0.0,0.0,0.0
2024-05-13 00:00:00+03:00,0.20600000023841858,0.21199999749660492,0.19599999487400055,0.20600000023841858,18028916,0.0,0.0,0.0
2024-05-14 00:00:00+03:00,0.20600000023841858,0.21299999952316284,0.20399999618530273,0.20499999821186066,12927948,0.0,0.0,0.0
2024-05-15 00:00:00+03:00,0.20499999821186066,0.23199999332427979,0.20499999821186066,0.21899999678134918,30069609,0.0,0.0,0.0
2024-05-16 00:00:00+03:00,0.21899999678134918,0.2280000001192093,0.21799999475479126,0.22499999403953552,24284478,0.0,0.0,0.0
2024-05-19 00:00:00+03:00,0.22499999403953552,0.22499999403953552,0.22499999403953552,0.22499999403953552,0,0.0,0.0,0.0
2024-05-20 00:00:00+03:00,0.22599999606609344,0.2290000021457672,0.2199999988079071,0.22300000488758087,17590110,0.0,0.0,0.0
2024-05-21 00:00:00+03:00,0.22300000488758087,0.2240000069141388,0.21899999678134918,0.2199999988079071,11561333,0.0,0.0,0.0
2024-05-22 00:00:00+03:00,0.2199999988079071,0.2199999988079071,0.2160000056028366,0.21799999475479126,8130409,0.0,0.0,0.0
2024-05-23 00:00:00+03:00,0.21799999475479126,0.2199999988079071,0.2150000035762787,0.21899999678134918,5725559,0.0,0.0,0.0
2024-05-26 00:00:00+03:00,0.21899999678134918,0.21899999678134918,0.21899999678134918,0.21899999678134918,0,0.0,0.0,0.0
2024-05-27 00:00:00+03:00,0.22100000083446503,0.2240000069141388,0.2160000056028366,0.21899999678134918,15570252,0.0,0.0,0.0
2024-05-28 00:00:00+03:00,0.21899999678134918,0.21899999678134918,0.21299999952316284,0.21699999272823334,15884382,0.0,0.0,0.0
2024-05-29 00:00:00+03:00,0.21699999272823334,0.21699999272823334,0.2150000035762787,0.2160000056028366,8107551,0.0,0.0,0.0
2024-05-30 00:00:00+03:00,0.2160000056028366,0.21699999272823334,0.21199999749660492,0.21299999952316284,8181798,0.0,0.0,0.0
2024-06-02 00:00:00+03:00,0.21299999952316284,0.2150000035762787,0.20900000631809235,0.20999999344348907,4866749,0.0,0.0,0.0
2024-06-03 00:00:00+03:00,0.20999999344348907,0.21299999952316284,0.20499999821186066,0.20499999821186066,7431063,0.0,0.0,0.0
2024-06-04 00:00:00+03:00,0.20499999821186066,0.20800000429153442,0.20000000298023224,0.20100000500679016,21257931,0.0,0.0,0.0
2024-06-05 00:00:00+03:00,0.20100000500679016,0.2029999941587448,0.19599999487400055,0.20000000298023224,11323470,0.0,0.0,0.0
2024-06-06 00:00:00+03:00,0.20000000298023224,0.20200000703334808,0.1979999989271164,0.20000000298023224,4185961,0.0,0.0,0.0
2024-06-09 00:00:00+03:00,0.20000000298023224,0.20100000500679016,0.19499999284744263,0.19699999690055847,8550389,0.0,0.0,0.0
2024-06-10 00:00:00+03:00,0.19699999690055847,0.19900000095367432,0.1899999976158142,0.19499999284744263,10725047,0.0,0.0,0.0
2024-06-11 00:00:00+03:00,0.19499999284744263,0.19900000095367432,0.1940000057220459,0.19599999487400055,12784092,0.0,0.0,0.0
2024-06-12 00:00:00+03:00,0.19599999487400055,0.20600000023841858,0.19499999284744263,0.20499999821186066,12747347,0.0,0.0,0.0
2024-06-13 00:00:00+03:00,0.20499999821186066,0.20999999344348907,0.19900000095367432,0.20999999344348907,14982727,0.0,0.0,0.0
2024-06-23 00:00:00+03:00,0.20999999344348907,0.21899999678134918,0.210999995470047,0.21799999475479126,12533633,0.0,0.0,0.0
2024-06-24 00:00:00+03:00,0.21799999475479126,0.23199999332427979,0.2160000056028366,0.2280000001192093,28803139,0.0,0.0,0.0
2024-06-25 00:00:00+03:00,0.2280000001192093,0.2290000021457672,0.2199999988079071,0.22499999403953552,7054375,0.0,0.0,0.0
2024-06-26 00:00:00+03:00,0.22499999403953552,0.24699999392032623,0.22499999403953552,0.23600000143051147,56981075,0.0,0.0,0.0
2024-06-27 00:00:00+03:00,0.23600000143051147,0.23999999463558197,0.23199999332427979,0.23499999940395355,7848063,0.0,0.0,0.0
2024-07-02 00:00:00+03:00,0.23800000548362732,0.23999999463558197,0.23000000417232513,0.23600000143051147,16510457,0.0,0.0,0.0
2024-07-03 00:00:00+03:00,0.23600000143051147,0.24199999868869781,0.23199999332427979,0.23600000143051147,11322145,0.0,0.0,0.0
2024-07-04 00:00:00+03:00,0.23600000143051147,0.23999999463558197,0.23000000417232513,0.23100000619888306,11020852,0.0,0.0,0.0
2024-07-07 00:00:00+03:00,0.23100000619888306,0.23899999260902405,0.23000000417232513,0.23399999737739563,16782000,0.0,0.0,0.0
2024-07-08 00:00:00+03:00,0.23399999737739563,0.2370000034570694,0.23100000619888306,0.2329999953508377,14417940,0.0,0.0,0.0
2024-07-09 00:00:00+03:00,0.2329999953508377,0.23399999737739563,0.2280000001192093,0.2290000021457672,7724982,0.0,0.0,0.0
2024-07-10 00:00:00+03:00,0.2290000021457672,0.2329999953508377,0.2240000069141388,0.22499999403953552,6006631,0.0,0.0,0.0
2024-07-14 00:00:00+03:00,0.22499999403953552,0.22599999606609344,0.21899999678134918,0.22100000083446503,7473448,0.0,0.0,0.0
2024-07-15 00:00:00+03:00,0.22100000083446503,0.2290000021457672,0.22100000083446503,0.22599999606609344,6557481,0.0,0.0,0.0
2024-07-16 00:00:00+03:00,0.22599999606609344,0.23800000548362732,0.22699999809265137,0.23499999940395355,14994237,0.0,0.0,0.0
2024-07-17 00:00:00+03:00,0.23499999940395355,0.23800000548362732,0.23100000619888306,0.23600000143051147,8120592,0.0,0.0,0.0
2024-07-18 00:00:00+03:00,0.23600000143051147,0.23800000548362732,0.23399999737739563,0.23499999940395355,7792818,0.0,0.0,0.0
2024-07-21 00:00:00+03:00,0.23499999940395355,0.25099998712539673,0.23600000143051147,0.25,50798905,0.0,0.0,0.0
2024-07-22 00:00:00+03:00,0.25,0.25699999928474426,0.24899999797344208,0.24899999797344208,34152969,0.0,0.0,0.0
2024-07-23 00:00:00+03:00,0.24899999797344208,0.25099998712539673,0.24400000274181366,0.24899999797344208,7164753,0.0,0.0,0.0
2024-07-24 00:00:00+03:00,0.24899999797344208,0.2540000081062317,0.2409999966621399,0.2460000067949295,20526898,0.0,0.0,0.0
2024-07-28 00:00:00+03:00,0.2460000067949295,0.24799999594688416,0.2409999966621399,0.24300000071525574,10851691,0.0,0.0,0.0
2024-07-29 00:00:00+03:00,0.24300000071525574,0.24699999392032623,0.24199999868869781,0.24400000274181366,11965425,0.0,0.0,0.0
2024-07-30 00:00:00+03:00,0.24400000274181366,0.2590000033378601,0.24400000274181366,0.25200000405311584,38664198,0.0,0.0,0.0
2024-07-31 00:00:00+03:00,0.25200000405311584,0.2639999985694885,0.25200000405311584,0.26100000739097595,41523998,0.0,0.0,0.0
2024-08-01 00:00:00+03:00,0.26100000739097595,0.3070000112056732,0.2619999945163727,0.3019999861717224,216383754,0.0,0.0,0.0
2024-08-04 00:00:00+03:00,0.3019999861717224,0.29899999499320984,0.27900001406669617,0.2809999883174896,119951481,0.0,0.0,0.0
2024-08-05 00:00:00+03:00,0.2809999883174896,0.2770000100135803,0.23399999737739563,0.2529999911785126,110410033,0.0,0.0,0.0
2024-08-06 00:00:00+03:00,0.2529999911785126,0.2750000059604645,0.2549999952316284,0.26499998569488525,73126083,0.0,0.0,0.0
2024-08-07 00:00:00+03:00,0.26499998569488525,0.27000001072883606,0.257999986410141,0.2639999985694885,47746663,0.0,0.0,0.0
2024-08-08 00:00:00+03:00,0.2639999985694885,0.26600000262260437,0.2590000033378601,0.2639999985694885,30820374,0.0,0.0,0.0
2024-08-11 00:00:00+03:00,0.2639999985694885,0.29600000381469727,0.26499998569488525,0.2800000011920929,138549065,0.0,0.0,0.0
2024-08-12 00:00:00+03:00,0.2800000011920929,0.2849999964237213,0.2720000147819519,0.2720000147819519,46676745,0.0,0.0,0.0
2024-08-13 00:00:00+03:00,0.2720000147819519,0.28600001335144043,0.27000001072883606,0.2770000100135803,50618435,0.0,0.0,0.0
2024-08-14 00:00:00+03:00,0.2770000100135803,0.29100000858306885,0.2800000011920929,0.28200000524520874,71657822,0.0,0.0,0.0
2024-08-15 00:00:00+03:00,0.28200000524520874,0.2939999997615814,0.28200000524520874,0.2849999964237213,70738815,0.0,0.0,0.0
2024-08-18 00:00:00+03:00,0.2849999964237213,0.289000004529953,0.2840000092983246,0.28600001335144043,26814465,0.0,0.0,0.0
2024-08-19 00:00:00+03:00,0.28600001335144043,0.30000001192092896,0.28600001335144043,0.2930000126361847,72282681,0.0,0.0,0.0
2024-08-20 00:00:00+03:00,0.2930000126361847,0.3019999861717224,0.2939999997615814,0.29499998688697815,48833421,0.0,0.0,0.0
2024-08-21 00:00:00+03:00,0.29499998688697815,0.30399999022483826,0.29499998688697815,0.30000001192092896,39258778,0.0,0.0,0.0
2024-08-22 00:00:00+03:00,0.30000001192092896,0.30000001192092896,0.2930000126361847,0.30000001192092896,54384406,0.0,0.0,0.0
2024-08-25 00:00:00+03:00,0.30000001192092896,0.30399999022483826,0.29600000381469727,0.296999990940094,24873364,0.0,0.0,0.0
2024-08-26 00:00:00+03:00,0.296999990940094,0.3070000112056732,0.29600000381469727,0.2980000078678131,68637070,0.0,0.0,0.0
2024-08-27 00:00:00+03:00,0.2980000078678131,0.30000001192092896,0.28999999165534973,0.28999999165534973,26928861,0.0,0.0,0.0
2024-08-28 00:00:00+03:00,0.28999999165534973,0.29899999499320984,0.2800000011920929,0.2849999964237213,52542433,0.0,0.0,0.0
2024-08-29 00:00:00+03:00,0.2849999964237213,0.28999999165534973,0.2800000011920929,0.28299999237060547,17961146,0.0,0.0,0.0
2024-09-01 00:00:00+03:00,0.28299999237060547,0.2879999876022339,0.2709999978542328,0.2720000147819519,71162883,0.0,0.0,0.0
2024-09-02 00:00:00+03:00,0.2720000147819519,0.2770000100135803,0.2630000114440918,0.2639999985694885,41284391,0.0,0.0,0.0
2024-09-03 00:00:00+03:00,0.2639999985694885,0.2709999978542328,0.25600001215934753,0.25999999046325684,68119987,0.0,0.0,0.0
2024-09-04 00:00:00+03:00,0.25999999046325684,0.2680000066757202,0.25600001215934753,0.2630000114440918,36741406,0.0,0.0,0.0
2024-09-05 00:00:00+03:00,0.2630000114440918,0.26899999380111694,0.25999999046325684,0.26100000739097595,35533226,0.0,0.0,0.0
2024-09-08 00:00:00+03:00,0.26100000739097595,0.26499998569488525,0.25600001215934753,0.25600001215934753,19672013,0.0,0.0,0.0
2024-09-09 00:00:00+03:00,0.25600001215934753,0.2630000114440918,0.25699999928474426,0.25699999928474426,13104829,0.0,0.0,0.0
2024-09-10 00:00:00+03:00,0.25699999928474426,0.26100000739097595,0.2540000081062317,0.2549999952316284,13905405,0.0,0.0,0.0
2024-09-11 00:00:00+03:00,0.2549999952316284,0.25699999928474426,0.2529999911785126,0.25600001215934753,6925232,0.0,0.0,0.0
2024-09-12 00:00:00+03:00,0.25600001215934753,0.2669999897480011,0.2549999952316284,0.26499998569488525,39882859,0.0,0.0,0.0
2024-09-16 00:00:00+03:00,0.26499998569488525,0.2709999978542328,0.25999999046325684,0.26100000739097595,73807389,0.0,0.0,0.0
2024-09-17 00:00:00+03:00,0.26100000739097595,0.2630000114440918,0.2549999952316284,0.25600001215934753,20624433,0.0,0.0,0.0
2024-09-18 00:00:00+03:00,0.25600001215934753,0.25999999046325684,0.2549999952316284,0.257999986410141,19592008,0.0,0.0,0.0
2024-09-19 00:00:00+03:00,0.257999986410141,0.25999999046325684,0.2549999952316284,0.2549999952316284,32469921,0.0,0.0,0.0
2024-09-22 00:00:00+03:00,0.2549999952316284,0.257999986410141,0.2549999952316284,0.25699999928474426,15080653,0.0,0.0,0.0
2024-09-23 00:00:00+03:00,0.25699999928474426,0.2590000033378601,0.25600001215934753,0.25699999928474426,15493104,0.0,0.0,0.0
2024-09-24 00:00:00+03:00,0.25699999928474426,0.25699999928474426,0.25699999928474426,0.25699999928474426,0,0.0,0.0,0.0
2024-09-25 00:00:00+03:00,0.25999999046325684,0.26899999380111694,0.25999999046325684,0.2669999897480011,49489710,0.0,0.0,0.0
2024-09-26 00:00:00+03:00,0.2669999897480011,0.2709999978542328,0.2630000114440918,0.2630000114440918,32768709,0.0,0.0,0.0
2024-09-29 00:00:00+03:00,0.2630000114440918,0.2680000066757202,0.26100000739097595,0.26499998569488525,23488508,0.0,0.0,0.0
2024-09-30 00:00:00+03:00,0.26499998569488525,0.26600000262260437,0.26100000739097595,0.2639999985694885,15783193,0.0,0.0,0.0
2024-10-01 00:00:00+03:00,0.2639999985694885,0.26600000262260437,0.2619999945163727,0.2630000114440918,9322779,0.0,0.0,0.0
2024-10-02 00:00:00+03:00,0.2630000114440918,0.2630000114440918,0.2540000081062317,0.25600001215934753,22494884,0.0,0.0,0.0
2024-10-03 00:00:00+03:00,0.25600001215934753,0.257999986410141,0.2540000081062317,0.2549999952316284,10356738,0.0,0.0,0.0
2024-10-07 00:00:00+03:00,0.2549999952316284,0.257999986410141,0.25200000405311584,0.25200000405311584,10303491,0.0,0.0,0.0
2024-10-08 00:00:00+03:00,0.25200000405311584,0.2540000081062317,0.23100000619888306,0.23999999463558197,14029588,0.0,0.0,0.0
2024-10-09 00:00:00+03:00,0.23999999463558197,0.24699999392032623,0.23399999737739563,0.23899999260902405,30688964,0.0,0.0,0.0
2024-10-10 00:00:00+03:00,0.23899999260902405,0.24400000274181366,0.23800000548362732,0.23800000548362732,8868853,0.0,0.0,0.0
2024-10-13 00:00:00+03:00,0.23800000548362732,0.24199999868869781,0.23100000619888306,0.23199999332427979,9124014,0.0,0.0,0.0
2024-10-14 00:00:00+03:00,0.23199999332427979,0.23600000143051147,0.22699999809265137,0.23000000417232513,9343876,0.0,0.0,0.0
2024-10-15 00:00:00+03:00,0.23000000417232513,0.23399999737739563,0.23000000417232513,0.23100000619888306,9845621,0.0,0.0,0.0
2024-10-16 00:00:00+03:00,0.23100000619888306,0.24300000071525574,0.2329999953508377,0.23899999260902405,28614851,0.0,0.0,0.0
2024-10-17 00:00:00+03:00,0.23899999260902405,0.23999999463558197,0.23199999332427979,0.23399999737739563,6877628,0.0,0.0,0.0
2024-10-20 00:00:00+03:00,0.23399999737739563,0.24199999868869781,0.23000000417232513,0.2370000034570694,13925731,0.0,0.0,0.0
2024-10-21 00:00:00+03:00,0.2370000034570694,0.24300000071525574,0.23499999940395355,0.23899999260902405,17303463,0.0,0.0,0.0
2024-10-22 00:00:00+03:00,0.23899999260902405,0.24400000274181366,0.23800000548362732,0.24300000071525574,15233274,0.0,0.0,0.0
2024-10-23 00:00:00+03:00,0.24300000071525574,0.25,0.24199999868869781,0.24400000274181366,10245980,0.0,0.0,0.0
2024-10-24 00:00:00+03:00,0.24400000274181366,0.2460000067949295,0.24199999868869781,0.24400000274181366,5688212,0.0,0.0,0.0
2024-10-27 00:00:00+03:00,0.24400000274181366,0.24799999594688416,0.23999999463558197,0.24199999868869781,6059225,0.0,0.0,0.0
2024-10-28 00:00:00+03:00,0.24199999868869781,0.24699999392032623,0.24300000071525574,0.24400000274181366,4676678,0.0,0.0,0.0
2024-10-29 00:00:00+03:00,0.24400000274181366,0.24899999797344208,0.24400000274181366,0.24500000476837158,8662200,0.0,0.0,0.0
2024-10-30 00:00:00+03:00,0.24500000476837158,0.24899999797344208,0.24400000274181366,0.24500000476837158,9202397,0.0,0.0,0.0
2024-10-31 00:00:00+03:00,0.24500000476837158,0.24799999594688416,0.24400000274181366,0.24500000476837158,7402134,0.0,0.0,0.0
2024-11-03 00:00:00+02:00,0.24500000476837158,0.24699999392032623,0.24400000274181366,0.2460000067949295,3324299,0.0,0.0,0.0
2024-11-04 00:00:00+02:00,0.2460000067949295,0.24699999392032623,0.24300000071525574,0.24500000476837158,5634092,0.0,0.0,0.0
2024-11-05 00:00:00+02:00,0.24500000476837158,0.2639999985694885,0.24400000274181366,0.2549999952316284,85556605,0.0,0.0,0.0
2024-11-06 00:00:00+02:00,0.2549999952316284,0.26100000739097595,0.25,0.2529999911785126,20044201,0.0,0.0,0.0
2024-11-07 00:00:00+02:00,0.2529999911785126,0.25600001215934753,0.25,0.25200000405311584,14516026,0.0,0.0,0.0
2024-11-10 00:00:00+02:00,0.25200000405311584,0.257999986410141,0.25099998712539673,0.25699999928474426,13863436,0.0,0.0,0.0
2024-11-11 00:00:00+02:00,0.25699999928474426,0.2669999897480011,0.25699999928474426,0.2639999985694885,45597818,0.0,0.0,0.0
2024-11-12 00:00:00+02:00,0.2639999985694885,0.2800000011920929,0.2669999897480011,0.2680000066757202,98011219,0.0,0.0,0.0
2024-11-13 00:00:00+02:00,0.2680000066757202,0.2750000059604645,0.2669999897480011,0.2680000066757202,22586316,0.0,0.0,0.0
2024-11-14 00:00:00+02:00,0.2680000066757202,0.2770000100135803,0.26499998569488525,0.26899999380111694,35838259,0.0,0.0,0.0
2024-11-17 00:00:00+02:00,0.26899999380111694,0.2750000059604645,0.2680000066757202,0.2720000147819519,22665642,0.0,0.0,0.0
2024-11-18 00:00:00+02:00,0.2720000147819519,0.2800000011920929,0.27000001072883606,0.2709999978542328,28184344,0.0,0.0,0.0
2024-11-19 00:00:00+02:00,0.2709999978542328,0.28600001335144043,0.26600000262260437,0.28200000524520874,80285378,0.0,0.0,0.0
2024-11-20 00:00:00+02:00,0.28200000524520874,0.28600001335144043,0.2770000100135803,0.2800000011920929,32798901,0.0,0.0,0.0
2024-11-21 00:00:00+02:00,0.2800000011920929,0.289000004529953,0.27900001406669617,0.2800000011920929,71737185,0.0,0.0,0.0
2024-11-24 00:00:00+02:00,0.2800000011920929,0.2800000011920929,0.2709999978542328,0.2720000147819519,35754571,0.0,0.0,0.0
2024-11-25 00:00:00+02:00,0.2720000147819519,0.27399998903274536,0.26499998569488525,0.26600000262260437,19591495,0.0,0.0,0.0
2024-11-26 00:00:00+02:00,0.26600000262260437,0.27900001406669617,0.2680000066757202,0.27300000190734863,36926324,0.0,0.0,0.0
2024-11-27 00:00:00+02:00,0.27300000190734863,0.27399998903274536,0.25999999046325684,0.2639999985694885,18974839,0.0,0.0,0.0
2024-11-28 00:00:00+02:00,0.2639999985694885,0.26600000262260437,0.25699999928474426,0.25999999046325684,11872985,0.0,0.0,0.0
2024-12-01 00:00:00+02:00,0.25999999046325684,0.26600000262260437,0.25999999046325684,0.2619999945163727,15164593,0.0,0.0,0.0
2024-12-02 00:00:00+02:00,0.2619999945163727,0.26499998569488525,0.25699999928474426,0.257999986410141,20152964,0.0,0.0,0.0
2024-12-03 00:00:00+02:00,0.257999986410141,0.2619999945163727,0.2549999952316284,0.25699999928474426,16435755,0.0,0.0,0.0
2024-12-04 00:00:00+02:00,0.25699999928474426,0.25999999046325684,0.25600001215934753,0.2590000033378601,13576306,0.0,0.0,0.0
2024-12-05 00:00:00+02:00,0.2590000033378601,0.26600000262260437,0.257999986410141,0.257999986410141,11949730,0.0,0.0,0.0
2024-12-08 00:00:00+02:00,0.257999986410141,0.2630000114440918,0.2590000033378601,0.25999999046325684,6689105,0.0,0.0,0.0
2024-12-09 00:00:00+02:00,0.25999999046325684,0.2630000114440918,0.2590000033378601,0.25999999046325684,10218334,0.0,0.0,0.0
2024-12-10 00:00:00+02:00,0.25999999046325684,0.26100000739097595,0.2549999952316284,0.25600001215934753,7927356,0.0,0.0,0.0
2024-12-11 00:00:00+02:00,0.25600001215934753,0.2590000033378601,0.25600001215934753,0.25600001215934753,4470727,0.0,0.0,0.0
2024-12-12 00:00:00+02:00,0.25600001215934753,0.26100000739097595,0.25600001215934753,0.25699999928474426,16149144,0.0,0.0,0.0
2024-12-15 00:00:00+02:00,0.25699999928474426,0.2750000059604645,0.2590000033378601,0.2750000059604645,69009816,0.0,0.0,0.0
2024-12-16 00:00:00+02:00,0.2750000059604645,0.27900001406669617,0.26499998569488525,0.26600000262260437,30452583,0.0,0.0,0.0
2024-12-17 00:00:00+02:00,0.26600000262260437,0.2709999978542328,0.2619999945163727,0.27000001072883606,19731836,0.0,0.0,0.0
2024-12-18 00:00:00+02:00,0.27000001072883606,0.27000001072883606,0.26100000739097595,0.2639999985694885,15351248,0.0,0.0,0.0
2024-12-19 00:00:00+02:00,0.2639999985694885,0.2630000114440918,0.25699999928474426,0.25999999046325684,19089744,0.0,0.0,0.0
2024-12-22 00:00:00+02:00,0.25999999046325684,0.2630000114440918,0.25699999928474426,0.257999986410141,7270835,0.0,0.0,0.0
2024-12-23 00:00:00+02:00,0.257999986410141,0.26100000739097595,0.2540000081062317,0.2549999952316284,9998845,0.0,0.0,0.0
2024-12-24 00:00:00+02:00,0.2549999952316284,0.2549999952316284,0.24300000071525574,0.24899999797344208,9456553,0.0,0.0,0.0
2024-12-25 00:00:00+02:00,0.24899999797344208,0.2540000081062317,0.24799999594688416,0.25,7930652,0.0,0.0,0.0
2024-12-26 00:00:00+02:00,0.25,0.2529999911785126,0.24899999797344208,0.25099998712539673,4205711,0.0,0.0,0.0
2024-12-29 00:00:00+02:00,0.25099998712539673,0.25200000405311584,0.2460000067949295,0.24699999392032623,7150633,0.0,0.0,0.0
2024-12-30 00:00:00+02:00,0.24699999392032623,0.2540000081062317,0.2460000067949295,0.24799999594688416,16707852,0.0,0.0,0.0
2024-12-31 00:00:00+02:00,0.24799999594688416,0.27000001072883606,0.24899999797344208,0.27000001072883606,42934450,0.0,0.0,0.0
2025-01-02 00:00:00+02:00,0.27000001072883606,0.2709999978542328,0.2639999985694885,0.2680000066757202,20165310,0.0,0.0,0.0
2025-01-05 00:00:00+02:00,0.2680000066757202,0.26899999380111694,0.26600000262260437,0.2669999897480011,9584647,0.0,0.0,0.0
2025-01-06 00:00:00+02:00,0.2669999897480011,0.2680000066757202,0.2619999945163727,0.2630000114440918,11961284,0.0,0.0,0.0
2025-01-08 00:00:00+02:00,0.2630000114440918,0.26600000262260437,0.25699999928474426,0.2590000033378601,11755825,0.0,0.0,0.0
2025-01-09 00:00:00+02:00,0.2590000033378601,0.26100000739097595,0.25600001215934753,0.25699999928474426,10022113,0.0,0.0,0.0
2025-01-12 00:00:00+02:00,0.25699999928474426,0.257999986410141,0.25099998712539673,0.2549999952316284,11706945,0.0,0.0,0.0
2025-01-13 00:00:00+02:00,0.2549999952316284,0.2590000033378601,0.24799999594688416,0.25,7986068,0.0,0.0,0.0
2025-01-14 00:00:00+02:00,0.25,0.25200000405311584,0.24199999868869781,0.25,11663936,0.0,0.0,0.0
2025-01-15 00:00:00+02:00,0.25,0.25600001215934753,0.24500000476837158,0.2529999911785126,13275353,0.0,0.0,0.0
2025-01-16 00:00:00+02:00,0.2529999911785126,0.257999986410141,0.25,0.2549999952316284,38768429,0.0,0.0,0.0
2025-01-19 00:00:00+02:00,0.2529999911785126,0.2619999945163727,0.25,0.2590000033378601,85542666,0.0,0.0,0.0
2025-01-20 00:00:00+02:00,0.25600001215934753,0.3070000112056732,0.2529999911785126,0.3070000112056732,234680463,0.0,0.0,0.0
2025-01-21 00:00:00+02:00,0.3070000112056732,0.36800000071525574,0.3190000057220459,0.32499998807907104,340131441,0.0,0.0,0.0
2025-01-22 00:00:00+02:00,0.32499998807907104,0.34299999475479126,0.3149999976158142,0.31700000166893005,147588203,0.0,0.0,0.0
2025-01-23 00:00:00+02:00,0.31700000166893005,0.3449999988079071,0.3190000057220459,0.3330000042915344,331283699,0.0,0.0,0.0
2025-01-26 00:00:00+02:00,0.3330000042915344,0.3529999852180481,0.3319999873638153,0.33399999141693115,282926917,0.0,0.0,0.0
2025-01-27 00:00:00+02:00,0.33399999141693115,0.3400000035762787,0.3089999854564667,0.31200000643730164,172276647,0.0,0.0,0.0
2025-01-28 00:00:00+02:00,0.31200000643730164,0.3190000057220459,0.3070000112056732,0.3140000104904175,109325985,0.0,0.0,0.0
2025-01-29 00:00:00+02:00,0.3140000104904175,0.31700000166893005,0.30399999022483826,0.30399999022483826,69748045,0.0,0.0,0.0
2025-01-30 00:00:00+02:00,0.30399999022483826,0.30799999833106995,0.2919999957084656,0.2930000126361847,88128277,0.0,0.0,0.0
2025-02-02 00:00:00+02:00,0.2930000126361847,0.3149999976158142,0.28999999165534973,0.30300000309944153,154606189,0.0,0.0,0.0
2025-02-03 00:00:00+02:00,0.30300000309944153,0.30399999022483826,0.2939999997615814,0.30300000309944153,70536457,0.0,0.0,0.0
2025-02-04 00:00:00+02:00,0.30300000309944153,0.3310000002384186,0.3050000071525574,0.3199999928474426,284037209,0.0,0.0,0.0
2025-02-05 00:00:00+02:00,0.3199999928474426,0.3400000035762787,0.32100000977516174,0.32199999690055847,185365255,0.0,0.0,0.0
2025-02-06 00:00:00+02:00,0.32199999690055847,0.33000001311302185,0.31299999356269836,0.32499998807907104,105885136,0.0,0.0,0.0
2025-02-09 00:00:00+02:00,0.32499998807907104,0.3449999988079071,0.3269999921321869,0.3269999921321869,191336662,0.0,0.0,0.0
2025-02-10 00:00:00+02:00,0.3269999921321869,0.3310000002384186,0.3190000057220459,0.3199999928474426,68478644,0.0,0.0,0.0
2025-02-11 00:00:00+02:00,0.3199999928474426,0.3319999873638153,0.3009999990463257,0.30300000309944153,93339882,0.0,0.0,0.0
2025-02-12 00:00:00+02:00,0.30300000309944153,0.3059999942779541,0.2919999957084656,0.30000001192092896,61336462,0.0,0.0,0.0
2025-02-13 00:00:00+02:00,0.30000001192092896,0.32199999690055847,0.3009999990463257,0.30799999833106995,98625845,0.0,0.0,0.0
2025-02-16 00:00:00+02:00,0.30799999833106995,0.3160000145435333,0.30799999833106995,0.3089999854564667,50746161,0.0,0.0,0.0
2025-02-17 00:00:00+02:00,0.3089999854564667,0.31299999356269836,0.29899999499320984,0.3009999990463257,39426925,0.0,0.0,0.0
2025-02-18 00:00:00+02:00,0.3009999990463257,0.30799999833106995,0.30000001192092896,0.3059999942779541,48941649,0.0,0.0,0.0
2025-02-19 00:00:00+02:00,0.3059999942779541,0.3319999873638153,0.30799999833106995,0.33000001311302185,168529168,0.0,0.0,0.0
2025-02-20 00:00:00+02:00,0.33000001311302185,0.33899998664855957,0.32199999690055847,0.32199999690055847,99699393,0.0,0.0,0.0
2025-02-23 00:00:00+02:00,0.32199999690055847,0.3330000042915344,0.3199999928474426,0.3330000042915344,49995957,0.0,0.0,0.0
2025-02-24 00:00:00+02:00,0.3330000042915344,0.3499999940395355,0.33000001311302185,0.3409999907016754,165254638,0.0,0.0,0.0
2025-02-25 00:00:00+02:00,0.3409999907016754,0.34599998593330383,0.328000009059906,0.32899999618530273,84830195,0.0,0.0,0.0
2025-02-26 00:00:00+02:00,0.32899999618530273,0.3400000035762787,0.328000009059906,0.33000001311302185,85339379,0.0,0.0,0.0
2025-02-27 00:00:00+02:00,0.33000001311302185,0.3610000014305115,0.33899998664855957,0.34200000762939453,404883899,0.0,0.0,0.0
2025-03-02 00:00:00+02:00,0.34200000762939453,0.34599998593330383,0.33000001311302185,0.3319999873638153,77926475,0.0,0.0,0.0
2025-03-03 00:00:00+02:00,0.3319999873638153,0.3659999966621399,0.3310000002384186,0.3659999966621399,216920607,0.0,0.0,0.0
2025-03-04 00:00:00+02:00,0.3659999966621399,0.37599998712539673,0.35499998927116394,0.3569999933242798,236304145,0.0,0.0,0.0
2025-03-05 00:00:00+02:00,0.3569999933242798,0.3630000054836273,0.3449999988079071,0.3540000021457672,83557317,0.0,0.0,0.0
2025-03-06 00:00:00+02:00,0.3540000021457672,0.3700000047683716,0.3540000021457672,0.36000001430511475,123957244,0.0,0.0,0.0
2025-03-09 00:00:00+02:00,0.36000001430511475,0.3880000114440918,0.3659999966621399,0.37400001287460327,226259749,0.0,0.0,0.0
2025-03-10 00:00:00+02:00,0.37400001287460327,0.37700000405311584,0.36500000953674316,0.37400001287460327,77783802,0.0,0.0,0.0
2025-03-11 00:00:00+02:00,0.37400001287460327,0.3930000066757202,0.367000013589859,0.3930000066757202,250370000,0.0,0.0,0.0
2025-03-12 00:00:00+02:00,0.3930000066757202,0.4020000100135803,0.38499999046325684,0.38600000739097595,227901053,0.0,0.0,0.0
2025-03-13 00:00:00+02:00,0.38600000739097595,0.3880000114440918,0.3720000088214874,0.37400001287460327,84745195,0.0,0.0,0.0
2025-03-16 00:00:00+02:00,0.37400001287460327,0.38999998569488525,0.3709999918937683,0.38100001215934753,115840399,0.0,0.0,0.0
2025-03-17 00:00:00+02:00,0.38100001215934753,0.4009999930858612,0.3840000033378601,0.39399999380111694,224852737,0.0,0.0,0.0
2025-03-18 00:00:00+02:00,0.39399999380111694,0.4090000092983246,0.3919999897480011,0.3919999897480011,195345420,0.0,0.0,0.0
2025-03-19 00:00:00+02:00,0.3919999897480011,0.39899998903274536,0.36000001430511475,0.36000001430511475,120707707,0.0,0.0,0.0
2025-03-20 00:00:00+02:00,0.36000001430511475,0.37599998712539673,0.35199999809265137,0.37599998712539673,92471988,0.0,0.0,0.0
2025-03-23 00:00:00+02:00,0.37599998712539673,0.38199999928474426,0.36800000071525574,0.36800000071525574,70453094,0.0,0.0,0.0
2025-03-24 00:00:00+02:00,0.36800000071525574,0.37299999594688416,0.34700000286102295,0.3499999940395355,53205965,0.0,0.0,0.0
2025-03-25 00:00:00+02:00,0.3499999940395355,0.36000001430511475,0.34599998593330383,0.3479999899864197,89714920,0.0,0.0,0.0
2025-03-26 00:00:00+02:00,0.3479999899864197,0.367000013589859,0.3499999940395355,0.35100001096725464,98573142,0.0,0.0,0.0
2025-03-27 00:00:00+02:00,0.35100001096725464,0.37299999594688416,0.3529999852180481,0.35899999737739563,169536637,0.0,0.0,0.0
2025-04-03 00:00:00+02:00,0.35899999737739563,0.37700000405311584,0.3569999933242798,0.37299999594688416,95173182,0.0,0.0,0.0
2025-04-06 00:00:00+02:00,0.37299999594688416,0.35600000619888306,0.33399999141693115,0.3499999940395355,74059808,0.0,0.0,0.0
2025-04-07 00:00:00+02:00,0.3499999940395355,0.3580000102519989,0.34599998593330383,0.3569999933242798,56514778,0.0,0.0,0.0
2025-04-08 00:00:00+02:00,0.3569999933242798,0.3630000054836273,0.35499998927116394,0.35600000619888306,55066143,0.0,0.0,0.0
2025-04-09 00:00:00+02:00,0.35600000619888306,0.3580000102519989,0.3370000123977661,0.33799999952316284,57396548,0.0,0.0,0.0
2025-04-10 00:00:00+02:00,0.33799999952316284,0.3569999933242798,0.3449999988079071,0.34599998593330383,52342678,0.0,0.0,0.0
2025-04-13 00:00:00+02:00,0.34599998593330383,0.35199999809265137,0.34700000286102295,0.3479999899864197,27438440,0.0,0.0,0.0
2025-04-14 00:00:00+02:00,0.3479999899864197,0.36000001430511475,0.3499999940395355,0.35499998927116394,60491449,0.0,0.0,0.0
2025-04-15 00:00:00+02:00,0.35499998927116394,0.3610000014305115,0.35499998927116394,0.35499998927116394,40251208,0.0,0.0,0.0
2025-04-16 00:00:00+02:00,0.35499998927116394,0.35899999737739563,0.3479999899864197,0.3499999940395355,17649915,0.0,0.0,0.0
2025-04-17 00:00:00+02:00,0.3499999940395355,0.3540000021457672,0.3479999899864197,0.3490000069141388,18397000,0.0,0.0,0.0
2025-04-22 00:00:00+02:00,0.3490000069141388,0.3529999852180481,0.3490000069141388,0.3499999940395355,15887943,0.0,0.0,0.0
2025-04-23 00:00:00+02:00,0.3499999940395355,0.35600000619888306,0.35100001096725464,0.3540000021457672,17739317,0.0,0.0,0.0
2025-04-27 00:00:00+03:00,0.3540000021457672,0.36800000071525574,0.3540000021457672,0.3630000054836273,80642703,0.0,0.0,0.0
2025-04-28 00:00:00+03:00,0.3630000054836273,0.3659999966621399,0.35899999737739563,0.36000001430511475,39917899,0.0,0.0,0.0
2025-04-29 00:00:00+03:00,0.36000001430511475,0.367000013589859,0.3580000102519989,0.3610000014305115,55903626,0.0,0.0,0.0
2025-04-30 00:00:00+03:00,0.3610000014305115,0.3630000054836273,0.3580000102519989,0.35899999737739563,16898697,0.0,0.0,0.0
2025-05-04 00:00:00+03:00,0.35899999737739563,0.3610000014305115,0.3569999933242798,0.36000001430511475,20265883,0.0,0.0,0.0
2025-05-05 00:00:00+03:00,0.36000001430511475,0.36800000071525574,0.3610000014305115,0.3630000054836273,64371390,0.0,0.0,0.0
2025-05-06 00:00:00+03:00,0.3630000054836273,0.375,0.36500000953674316,0.375,57575506,0.0,0.0,0.0
2025-05-07 00:00:00+03:00,0.375,0.3799999952316284,0.36800000071525574,0.3700000047683716,112243950,0.0,0.0,0.0
2025-05-08 00:00:00+03:00,0.3700000047683716,0.37299999594688416,0.36500000953674316,0.36500000953674316,20824655,0.0,0.0,0.0
2025-05-11 00:00:00+03:00,0.36500000953674316,0.3700000047683716,0.36000001430511475,0.3610000014305115,28516137,0.0,0.0,0.0
2025-05-12 00:00:00+03:00,0.3610000014305115,0.36899998784065247,0.36000001430511475,0.3630000054836273,35746475,0.0,0.0,0.0
2025-05-13 00:00:00+03:00,0.3630000054836273,0.3700000047683716,0.36000001430511475,0.3700000047683716,25592814,0.0,0.0,0.0
2025-05-14 00:00:00+03:00,0.3700000047683716,0.37599998712539673,0.36399999260902405,0.3720000088214874,76343434,0.0,0.0,0.0
2025-05-15 00:00:00+03:00,0.3720000088214874,0.38600000739097595,0.37400001287460327,0.37700000405311584,211074737,0.0,0.0,0.0
2025-05-18 00:00:00+03:00,0.37700000405311584,0.3799999952316284,0.3630000054836273,0.3630000054836273,66901313,0.0,0.0,0.0
2025-05-19 00:00:00+03:00,0.3630000054836273,0.36399999260902405,0.3529999852180481,0.3540000021457672,42695953,0.0,0.0,0.0
2025-05-20 00:00:00+03:00,0.3540000021457672,0.36000001430511475,0.35100001096725464,0.35199999809265137,26073638,0.0,0.0,0.0
2025-05-21 00:00:00+03:00,0.35199999809265137,0.3580000102519989,0.3490000069141388,0.3499999940395355,25266968,0.0,0.0,0.0
2025-05-22 00:00:00+03:00,0.3499999940395355,0.3540000021457672,0.3499999940395355,0.3529999852180481,15219945,0.0,0.0,0.0
2025-05-25 00:00:00+03:00,0.3529999852180481,0.3569999933242798,0.35199999809265137,0.35199999809265137,18160130,0.0,0.0,0.0
2025-05-26 00:00:00+03:00,0.35199999809265137,0.35600000619888306,0.3499999940395355,0.3499999940395355,14362521,0.0,0.0,0.0
2025-05-27 00:00:00+03:00,0.3499999940395355,0.35499998927116394,0.3490000069141388,0.35199999809265137,14872649,0.0,0.0,0.0
2025-05-28 00:00:00+03:00,0.35199999809265137,0.35499998927116394,0.3449999988079071,0.3479999899864197,23198129,0.0,0.0,0.0
2025-05-29 00:00:00+03:00,0.3479999899864197,0.3490000069141388,0.3370000123977661,0.33799999952316284,22285390,0.0,0.0,0.0
2025-06-01 00:00:00+03:00,0.33799999952316284,0.34299999475479126,0.33799999952316284,0.33899998664855957,9376752,0.0,0.0,0.0
2025-06-02 00:00:00+03:00,0.33899998664855957,0.3409999907016754,0.3319999873638153,0.335999995470047,16717603,0.0,0.0,0.0
2025-06-03 00:00:00+03:00,0.335999995470047,0.3400000035762787,0.335999995470047,0.3370000123977661,9657959,0.0,0.0,0.0
2025-06-04 00:00:00+03:00,0.3370000123977661,0.33899998664855957,0.33500000834465027,0.33799999952316284,18316504,0.0,0.0,0.0
2025-06-10 00:00:00+03:00,0.33799999952316284,0.3440000116825104,0.33899998664855957,0.3400000035762787,9431418,0.0,0.0,0.0
2025-06-11 00:00:00+03:00,0.3400000035762787,0.34599998593330383,0.33899998664855957,0.3400000035762787,22425910,0.0,0.0,0.0
2025-06-12 00:00:00+03:00,0.3400000035762787,0.3400000035762787,0.3269999921321869,0.33000001311302185,16910594,0.0,0.0,0.0
2025-06-15 00:00:00+03:00,0.33000001311302185,0.3149999976158142,0.30000001192092896,0.3070000112056732,9547692,0.0,0.0,0.0
2025-06-16 00:00:00+03:00,0.3070000112056732,0.3160000145435333,0.30000001192092896,0.30399999022483826,14579968,0.0,0.0,0.0
2025-06-17 00:00:00+03:00,0.30399999022483826,0.30799999833106995,0.2939999997615814,0.29499998688697815,14517026,0.0,0.0,0.0
2025-06-18 00:00:00+03:00,0.29499998688697815,0.2980000078678131,0.28999999165534973,0.29499998688697815,11841129,0.0,0.0,0.0
2025-06-19 00:00:00+03:00,0.29499998688697815,0.2980000078678131,0.2849999964237213,0.28700000047683716,9823650,0.0,0.0,0.0
2025-06-22 00:00:00+03:00,0.28700000047683716,0.2939999997615814,0.2750000059604645,0.2919999957084656,12069726,0.0,0.0,0.0
2025-06-23 00:00:00+03:00,0.2919999957084656,0.2980000078678131,0.2919999957084656,0.29499998688697815,11876099,0.0,0.0,0.0
2025-06-24 00:00:00+03:00,0.29499998688697815,0.3160000145435333,0.3019999861717224,0.3140000104904175,19972970,0.0,0.0,0.0
2025-06-25 00:00:00+03:00,0.3140000104904175,0.3240000009536743,0.3100000023841858,0.3190000057220459,18086374,0.0,0.0,0.0
2025-06-29 00:00:00+03:00,0.3190000057220459,0.32899999618530273,0.3199999928474426,0.32499998807907104,24254702,0.0,0.0,0.0
2025-06-30 00:00:00+03:00,0.32499998807907104,0.3319999873638153,0.32499998807907104,0.3269999921321869,16351099,0.0,0.0,0.0
2025-07-01 00:00:00+03:00,0.3269999921321869,0.32899999618530273,0.3199999928474426,0.32100000977516174,17012332,0.0,0.0,0.0
2025-07-02 00:00:00+03:00,0.32100000977516174,0.3400000035762787,0.32199999690055847,0.335999995470047,30561490,0.0,0.0,0.0
2025-07-06 00:00:00+03:00,0.335999995470047,0.3449999988079071,0.33000001311302185,0.3330000042915344,36614237,0.0,0.0,0.0
2025-07-07 00:00:00+03:00,0.3330000042915344,0.3400000035762787,0.33000001311302185,0.33500000834465027,21738738,0.0,0.0,0.0
2025-07-09 00:00:00+03:00,0.33500000834465027,0.3370000123977661,0.33000001311302185,0.3310000002384186,7229531,0.0,0.0,0.0
2025-07-10 00:00:00+03:00,0.3310000002384186,0.34299999475479126,0.3330000042915344,0.33899998664855957,23850984,0.0,0.0,0.0
2025-07-13 00:00:00+03:00,0.33899998664855957,0.3540000021457672,0.33799999952316284,0.34700000286102295,80645228,0.0,0.0,0.0
2025-07-14 00:00:00+03:00,0.34700000286102295,0.3569999933242798,0.3479999899864197,0.3490000069141388,89346039,0.0,0.0,0.0
2025-07-15 00:00:00+03:00,0.3490000069141388,0.3499999940395355,0.3400000035762787,0.3400000035762787,27415163,0.0,0.0,0.0
2025-07-16 00:00:00+03:00,0.3400000035762787,0.34200000762939453,0.3330000042915344,0.33399999141693115,22439757,0.0,0.0,0.0
2025-07-17 00:00:00+03:00,0.33399999141693115,0.33899998664855957,0.3319999873638153,0.3330000042915344,15088192,0.0,0.0,0.0
2025-07-20 00:00:00+03:00,0.3330000042915344,0.33899998664855957,0.33399999141693115,0.33500000834465027,6293895,0.0,0.0,0.0
2025-07-21 00:00:00+03:00,0.33500000834465027,0.34200000762939453,0.335999995470047,0.3370000123977661,23662062,0.0,0.0,0.0
2025-07-22 00:00:00+03:00,0.3370000123977661,0.34599998593330383,0.33399999141693115,0.33500000834465027,36966738,0.0,0.0,0.0
2025-07-23 00:00:00+03:00,0.33500000834465027,0.33500000834465027,0.33500000834465027,0.33500000834465027,0,0.0,0.0,0.0
2025-07-27 00:00:00+03:00,0.33500000834465027,0.3409999907016754,0.33500000834465027,0.33500000834465027,13894665,0.0,0.0,0.0
2025-07-28 00:00:00+03:00,0.33500000834465027,0.33799999952316284,0.32499998807907104,0.32600000500679016,17849031,0.0,0.0,0.0
2025-07-29 00:00:00+03:00,0.32600000500679016,0.32899999618530273,0.3230000138282776,0.3269999921321869,7121747,0.0,0.0,0.0
2025-07-30 00:00:00+03:00,0.3269999921321869,0.3310000002384186,0.32100000977516174,0.32199999690055847,13130584,0.0,0.0,0.0
2025-07-31 00:00:00+03:00,0.32199999690055847,0.3269999921321869,0.32199999690055847,0.3240000009536743,6603834,0.0,0.0,0.0
2025-08-03 00:00:00+03:00,0.3240000009536743,0.3240000009536743,0.3240000009536743,0.3240000009536743,0,0.0,0.0,0.0
2025-08-04 00:00:00+03:00,0.3240000009536743,0.3240000009536743,0.3240000009536743,0.3240000009536743,0,0.0,0.0,0.0
2025-08-05 00:00:00+03:00,0.3240000009536743,0.3240000009536743,0.3240000009536743,0.3240000009536743,0,0.0,0.0,0.0
2025-08-06 00:00:00+03:00,0.3240000009536743,0.3240000009536743,0.3240000009536743,0.3240000009536743,0,0.0,0.0,0.0
2025-08-07 00:00:00+03:00,0.3240000009536743,0.3240000009536743,0.3240000009536743,0.3240000009536743,0,0.0,0.0,0.0
2025-08-10 00:00:00+03:00,0.32100000977516174,0.32499998807907104,0.32100000977516174,0.3240000009536743,10860585,0.0,0.0,0.0
2025-08-11 00:00:00+03:00,0.3240000009536743,0.32899999618530273,0.3230000138282776,0.3240000009536743,18450319,0.0,0.0,0.0
2025-08-12 00:00:00+03:00,0.3240000009536743,0.3269999921321869,0.3230000138282776,0.3240000009536743,7223069,0.0,0.0,0.0
2025-08-13 00:00:00+03:00,0.3240000009536743,0.3400000035762787,0.3240000009536743,0.33399999141693115,57596624,0.0,0.0,0.0
2025-08-14 00:00:00+03:00,0.33399999141693115,0.34599998593330383,0.33399999141693115,0.3409999907016754,37898889,0.0,0.0,0.0
2025-08-17 00:00:00+03:00,0.3409999907016754,0.3529999852180481,0.34599998593330383,0.3499999940395355,46112598,0.0,0.0,0.0
2025-08-18 00:00:00+03:00,0.3499999940395355,0.3529999852180481,0.34599998593330383,0.34599998593330383,20731710,0.0,0.0,0.0
2025-08-19 00:00:00+03:00,0.34599998593330383,0.3490000069141388,0.33799999952316284,0.3400000035762787,20216948,0.0,0.0,0.0
2025-08-20 00:00:00+03:00,0.3400000035762787,0.3440000116825104,0.3319999873638153,0.3330000042915344,19579259,0.0,0.0,0.0
2025-08-21 00:00:00+03:00,0.3330000042915344,0.33500000834465027,0.33000001311302185,0.3330000042915344,9803172,0.0,0.0,0.0
2025-08-24 00:00:00+03:00,0.3330000042915344,0.3440000116825104,0.3330000042915344,0.335999995470047,23538776,0.0,0.0,0.0
2025-08-25 00:00:00+03:00,0.335999995470047,0.3409999907016754,0.33500000834465027,0.33500000834465027,11635628,0.0,0.0,0.0
2025-08-26 00:00:00+03:00,0.33500000834465027,0.33799999952316284,0.33000001311302185,0.33000001311302185,15606689,0.0,0.0,0.0
2025-08-27 00:00:00+03:00,0.33000001311302185,0.3400000035762787,0.32899999618530273,0.33399999141693115,22638240,0.0,0.0,0.0
2025-08-28 00:00:00+03:00,0.33399999141693115,0.34700000286102295,0.33399999141693115,0.34599998593330383,39766348,0.0,0.0,0.0
2025-08-31 00:00:00+03:00,0.34599998593330383,0.3479999899864197,0.3310000002384186,0.3310000002384186,21019123,0.0,0.0,0.0
2025-09-01 00:00:00+03:00,0.3310000002384186,0.33399999141693115,0.32899999618530273,0.3310000002384186,8515408,0.0,0.0,0.0
2025-09-02 00:00:00+03:00,0.3310000002384186,0.33399999141693115,0.3269999921321869,0.32899999618530273,8248971,0.0,0.0,0.0
2025-09-03 00:00:00+03:00,0.32899999618530273,0.33799999952316284,0.33000001311302185,0.33000001311302185,14266624,0.0,0.0,0.0
2025-09-07 00:00:00+03:00,0.33000001311302185,0.335999995470047,0.3310000002384186,0.3319999873638153,10676966,0.0,0.0,0.0
2025-09-08 00:00:00+03:00,0.3319999873638153,0.3370000123977661,0.33000001311302185,0.3310000002384186,10624905,0.0,0.0,0.0
2025-09-09 00:00:00+03:00,0.3310000002384186,0.35199999809265137,0.3330000042915344,0.34599998593330383,99184376,0.0,0.0,0.0
2025-09-10 00:00:00+03:00,0.34599998593330383,0.35899999737739563,0.3440000116825104,0.35499998927116394,44971054,0.0,0.0,0.0
2025-09-11 00:00:00+03:00,0.35499998927116394,0.3630000054836273,0.3499999940395355,0.35199999809265137,41001157,0.0,0.0,0.0
2025-09-14 00:00:00+03:00,0.35199999809265137,0.3569999933242798,0.3479999899864197,0.3479999899864197,24110776,0.0,0.0,0.0
2025-09-15 00:00:00+03:00,0.3479999899864197,0.3499999940395355,0.33500000834465027,0.33799999952316284,24751442,0.0,0.0,0.0
2025-09-16 00:00:00+03:00,0.33799999952316284,0.3440000116825104,0.3269999921321869,0.32899999618530273,18862965,0.0,0.0,0.0
2025-09-17 00:00:00+03:00,0.32899999618530273,0.33000001311302185,0.3199999928474426,0.32600000500679016,13770438,0.0,0.0,0.0
2025-09-18 00:00:00+03:00,0.32600000500679016,0.33000001311302185,0.32199999690055847,0.3230000138282776,11941041,0.0,0.0,0.0
2025-09-21 00:00:00+03:00,0.3230000138282776,0.3269999921321869,0.3230000138282776,0.3240000009536743,7592504,0.0,0.0,0.0
2025-09-22 00:00:00+03:00,0.3240000009536743,0.3269999921321869,0.32199999690055847,0.32499998807907104,7169211,0.0,0.0,0.0
2025-09-23 00:00:00+03:00,0.32499998807907104,0.3310000002384186,0.3230000138282776,0.32499998807907104,14850144,0.0,0.0,0.0
2025-09-24 00:00:00+03:00,0.32499998807907104,0.3370000123977661,0.3240000009536743,0.33000001311302185,37034683,0.0,0.0,0.0
2025-09-25 00:00:00+03:00,0.33000001311302185,0.3400000035762787,0.33000001311302185,0.33799999952316284,15484404,0.0,0.0,0.0
2025-09-28 00:00:00+03:00,0.33799999952316284,0.34299999475479126,0.3330000042915344,0.3370000123977661,6919466,0.0,0.0,0.0
2025-09-29 00:00:00+03:00,0.3370000123977661,0.3409999907016754,0.33399999141693115,0.33500000834465027,8525749,0.0,0.0,0.0
2025-09-30 00:00:00+03:00,0.33500000834465027,0.335999995470047,0.33000001311302185,0.33000001311302185,9044710,0.0,0.0,0.0
2025-10-01 00:00:00+03:00,0.33000001311302185,0.3330000042915344,0.328000009059906,0.32899999618530273,9847525,0.0,0.0,0.0
2025-10-02 00:00:00+03:00,0.32899999618530273,0.3330000042915344,0.32600000500679016,0.32899999618530273,6338147,0.0,0.0,0.0
2025-10-05 00:00:00+03:00,0.32899999618530273,0.33899998664855957,0.328000009059906,0.33899998664855957,15974256,0.0,0.0,0.0
2025-10-06 00:00:00+03:00,0.33899998664855957,0.3479999899864197,0.33799999952316284,0.34299999475479126,41100365,0.0,0.0,0.0
2025-10-07 00:00:00+03:00,0.34299999475479126,0.35199999809265137,0.3440000116825104,0.34599998593330383,27658663,0.0,0.0,0.0
2025-10-08 00:00:00+03:00,0.34599998593330383,0.3490000069141388,0.3400000035762787,0.3400000035762787,11787670,0.0,0.0,0.0
2025-10-12 00:00:00+03:00,0.3400000035762787,0.34200000762939453,0.335999995470047,0.3370000123977661,7766883,0.0,0.0,0.0
2025-10-13 00:00:00+03:00,0.3370000123977661,0.33899998664855957,0.33399999141693115,0.33500000834465027,12520160,0.0,0.0,0.0
2025-10-14 00:00:00+03:00,0.33500000834465027,0.3370000123977661,0.3330000042915344,0.33399999141693115,17464200,0.0,0.0,0.0
2025-10-15 00:00:00+03:00,0.33399999141693115,0.35600000619888306,0.3319999873638153,0.35499998927116394,56465488,0.0,0.0,0.0
2025-10-16 00:00:00+03:00,0.35499998927116394,0.3580000102519989,0.3449999988079071,0.34700000286102295,45458649,0.0,0.0,0.0
2025-10-19 00:00:00+03:00,0.34700000286102295,0.3529999852180481,0.34700000286102295,0.3479999899864197,18441497,0.0,0.0,0.0
2025-10-20 00:00:00+03:00,0.3479999899864197,0.35600000619888306,0.34700000286102295,0.3479999899864197,50644753,0.0,0.0,0.0
2025-10-21 00:00:00+03:00,0.3479999899864197,0.3499999940395355,0.3409999907016754,0.3449999988079071,14243106,0.0,0.0,0.0
2025-10-22 00:00:00+03:00,0.3449999988079071,0.3490000069141388,0.33799999952316284,0.34200000762939453,12930878,0.0,0.0,0.0
2025-10-23 00:00:00+03:00,0.34200000762939453,0.3440000116825104,0.3400000035762787,0.34200000762939453,12836335,0.0,0.0,0.0
2025-10-26 00:00:00+03:00,0.34200000762939453,0.3490000069141388,0.34299999475479126,0.34599998593330383,10812888,0.0,0.0,0.0
2025-10-27 00:00:00+03:00,0.34599998593330383,0.35600000619888306,0.34700000286102295,0.3540000021457672,36201491,0.0,0.0,0.0
2025-10-28 00:00:00+03:00,0.3540000021457672,0.36899998784065247,0.35199999809265137,0.36399999260902405,109538505,0.0,0.0,0.0
2025-10-29 00:00:00+03:00,0.36399999260902405,0.36899998784065247,0.3580000102519989,0.3580000102519989,40036523,0.0,0.0,0.0
2025-10-30 00:00:00+03:00,0.3580000102519989,0.367000013589859,0.3580000102519989,0.36000001430511475,26294357,0.0,0.0,0.0
2025-11-02 00:00:00+02:00,0.36000001430511475,0.3630000054836273,0.35100001096725464,0.35100001096725464,25036838,0.0,0.0,0.0
2025-11-03 00:00:00+02:00,0.35100001096725464,0.35499998927116394,0.34599998593330383,0.3499999940395355,15341036,0.0,0.0,0.0
2025-11-04 00:00:00+02:00,0.3499999940395355,0.35899999737739563,0.35100001096725464,0.3529999852180481,10255983,0.0,0.0,0.0
2025-11-05 00:00:00+02:00,0.3529999852180481,0.35499998927116394,0.33500000834465027,0.3409999907016754,24765308,0.0,0.0,0.0
2025-11-06 00:00:00+02:00,0.3409999907016754,0.3499999940395355,0.3400000035762787,0.34599998593330383,22681346,0.0,0.0,0.0
2025-11-09 00:00:00+02:00,0.34599998593330383,0.35199999809265137,0.3440000116825104,0.3479999899864197,17647573,0.0,0.0,0.0
2025-11-10 00:00:00+02:00,0.3479999899864197,0.3490000069141388,0.3400000035762787,0.3440000116825104,11109088,0.0,0.0,0.0
2025-11-11 00:00:00+02:00,0.3440000116825104,0.3499999940395355,0.3400000035762787,0.3409999907016754,19312662,0.0,0.0,0.0
2025-11-12 00:00:00+02:00,0.3409999907016754,0.3479999899864197,0.3409999907016754,0.34200000762939453,9946323,0.0,0.0,0.0
2025-11-13 00:00:00+02:00,0.34200000762939453,0.3580000102519989,0.34299999475479126,0.34599998593330383,47961532,0.0,0.0,0.0
2025-11-16 00:00:00+02:00,0.34599998593330383,0.35499998927116394,0.34700000286102295,0.3540000021457672,22651993,0.0,0.0,0.0
2025-11-17 00:00:00+02:00,0.3540000021457672,0.36399999260902405,0.3529999852180481,0.36399999260902405,34566840,0.0,0.0,0.0
2025-11-18 00:00:00+02:00,0.36399999260902405,0.38499999046325684,0.367000013589859,0.3790000081062317,169670024,0.0,0.0,0.0
2025-11-19 00:00:00+02:00,0.3790000081062317,0.4180000126361847,0.3799999952316284,0.4000000059604645,248264226,0.0,0.0,0.0
2025-11-20 00:00:00+02:00,0.4000000059604645,0.4259999990463257,0.4020000100135803,0.41200000047683716,134827959,0.0,0.0,0.0
2025-11-23 00:00:00+02:00,0.41200000047683716,0.4189999997615814,0.39899998903274536,0.4099999964237213,57294133,0.0,0.0,0.0
2025-11-24 00:00:00+02:00,0.4099999964237213,0.43700000643730164,0.41499999165534973,0.41600000858306885,105059279,0.0,0.0,0.0
2025-11-25 00:00:00+02:00,0.41600000858306885,0.42399999499320984,0.39500001072883606,0.3959999978542328,64009278,0.0,0.0,0.0
2025-11-26 00:00:00+02:00,0.3959999978542328,0.40299999713897705,0.38499999046325684,0.38999998569488525,65053299,0.0,0.0,0.0
2025-11-27 00:00:00+02:00,0.38999998569488525,0.39800000190734863,0.3889999985694885,0.39100000262260437,50713383,0.0,0.0,0.0
2025-11-30 00:00:00+02:00,0.39100000262260437,0.41499999165534973,0.3930000066757202,0.41100001335144043,107601617,0.0,0.0,0.0
2025-12-01 00:00:00+02:00,0.41100001335144043,0.42100000381469727,0.4020000100135803,0.4050000011920929,72397545,0.0,0.0,0.0
2025-12-02 00:00:00+02:00,0.4050000011920929,0.4169999957084656,0.4059999883174896,0.41200000047683716,37950461,0.0,0.0,0.0
2025-12-03 00:00:00+02:00,0.41200000047683716,0.42500001192092896,0.41200000047683716,0.4180000126361847,76432731,0.0,0.0,0.0
2025-12-04 00:00:00+02:00,0.4180000126361847,0.42899999022483826,0.41100001335144043,0.41200000047683716,69914082,0.0,0.0,0.0
2025-12-07 00:00:00+02:00,0.41200000047683716,0.4230000078678131,0.4129999876022339,0.41600000858306885,38396697,0.0,0.0,0.0
2025-12-08 00:00:00+02:00,0.41600000858306885,0.4449999928474426,0.4169999957084656,0.4390000104904175,195140654,0.0,0.0,0.0
2025-12-09 00:00:00+02:00,0.4390000104904175,0.453000009059906,0.4320000112056732,0.4339999854564667,150995224,0.0,0.0,0.0
2025-12-10 00:00:00+02:00,0.4339999854564667,0.4399999976158142,0.4320000112056732,0.4359999895095825,41857760,0.0,0.0,0.0
2025-12-11 00:00:00+02:00,0.4359999895095825,0.4580000042915344,0.4440000057220459,0.44600000977516174,98910048,0.0,0.0,0.0
2025-12-14 00:00:00+02:00,0.44600000977516174,0.4580000042915344,0.44600000977516174,0.45500001311302185,66299235,0.0,0.0,0.0
2025-12-15 00:00:00+02:00,0.45500001311302185,0.4569999873638153,0.44600000977516174,0.4490000009536743,43736158,0.0,0.0,0.0
2025-12-16 00:00:00+02:00,0.4490000009536743,0.4560000002384186,0.4449999928474426,0.4490000009536743,28317173,0.0,0.0,0.0
2025-12-17 00:00:00+02:00,0.4490000009536743,0.44999998807907104,0.43700000643730164,0.43700000643730164,36942347,0.0,0.0,0.0
2025-12-18 00:00:00+02:00,0.43700000643730164,0.44600000977516174,0.4350000023841858,0.43700000643730164,45786498,0.0,0.0,0.0
2025-12-21 00:00:00+02:00,0.43700000643730164,0.47600001096725464,0.43799999356269836,0.46399998664855957,161795575,0.0,0.0,0.0
2025-12-22 00:00:00+02:00,0.46399998664855957,0.4690000116825104,0.4560000002384186,0.4560000002384186,35548112,0.0,0.0,0.0
2025-12-23 00:00:00+02:00,0.4560000002384186,0.4690000116825104,0.453000009059906,0.46399998664855957,43719640,0.0,0.0,0.0
2025-12-24 00:00:00+02:00,0.46399998664855957,0.48500001430511475,0.4620000123977661,0.4830000102519989,87689383,0.0,0.0,0.0
2025-12-25 00:00:00+02:00,0.4830000102519989,0.49399998784065247,0.48399999737739563,0.4860000014305115,74836206,0.0,0.0,0.0
2025-12-28 00:00:00+02:00,0.4860000014305115,0.4909999966621399,0.47600001096725464,0.47600001096725464,34607183,0.0,0.0,0.0
2025-12-29 00:00:00+02:00,0.47600001096725464,0.4830000102519989,0.4729999899864197,0.4729999899864197,26957097,0.0,0.0,0.0
2025-12-30 00:00:00+02:00,0.4729999899864197,0.47999998927116394,0.47099998593330383,0.4740000069141388,19279289,0.0,0.0,0.0
2025-12-31 00:00:00+02:00,0.4740000069141388,0.49399998784065247,0.4740000069141388,0.48399999737739563,64149419,0.0,0.0,0.0
2026-01-04 00:00:00+02:00,0.48399999737739563,0.49000000953674316,0.47600001096725464,0.4779999852180481,22593190,0.0,0.0,0.0
2026-01-05 00:00:00+02:00,0.4779999852180481,0.48500001430511475,0.453000009059906,0.46299999952316284,26695829,0.0,0.0,0.0
2026-01-06 00:00:00+02:00,0.46299999952316284,0.4740000069141388,0.46299999952316284,0.4650000035762787,12452980,0.0,0.0,0.0
2026-01-08 00:00:00+02:00,0.4650000035762787,0.47999998927116394,0.460999995470047,0.4620000123977661,21944632,0.0,0.0,0.0
2026-01-11 00:00:00+02:00,0.4620000123977661,0.48399999737739563,0.46399998664855957,0.4830000102519989,38430796,0.0,0.0,0.0
2026-01-12 00:00:00+02:00,0.4830000102519989,0.48500001430511475,0.46399998664855957,0.4659999907016754,31343722,0.0,0.0,0.0
2026-01-13 00:00:00+02:00,0.4659999907016754,0.47699999809265137,0.4650000035762787,0.46700000762939453,25322650,0.0,0.0,0.0
2026-01-14 00:00:00+02:00,0.46700000762939453,0.47200000286102295,0.4519999921321869,0.4569999873638153,26849642,0.0,0.0,0.0
2026-01-15 00:00:00+02:00,0.4569999873638153,0.47600001096725464,0.46000000834465027,0.46299999952316284,33197837,0.0,0.0,0.0
2026-01-18 00:00:00+02:00,0.46299999952316284,0.4749999940395355,0.4650000035762787,0.4699999988079071,8438331,0.0,0.0,0.0
2026-01-19 00:00:00+02:00,0.4699999988079071,0.4819999933242798,0.46700000762939453,0.4779999852180481,38631641,0.0,0.0,0.0
2026-01-20 00:00:00+02:00,0.4779999852180481,0.5009999871253967,0.4779999852180481,0.4909999966621399,169903261,0.0,0.0,0.0
2026-01-21 00:00:00+02:00,0.4909999966621399,0.492000013589859,0.4830000102519989,0.4880000054836273,43536847,0.0,0.0,0.0
2026-01-22 00:00:00+02:00,0.4880000054836273,0.49300000071525574,0.4779999852180481,0.47999998927116394,37319230,0.0,0.0,0.0
2026-01-25 00:00:00+02:00,0.47999998927116394,0.492000013589859,0.4749999940395355,0.4860000014305115,37817294,0.0,0.0,0.0
2026-01-26 00:00:00+02:00,0.4860000014305115,0.49000000953674316,0.47600001096725464,0.47699999809265137,27781304,0.0,0.0,0.0
2026-01-27 00:00:00+02:00,0.47699999809265137,0.4880000054836273,0.4729999899864197,0.4790000021457672,44581447,0.0,0.0,0.0
2026-01-28 00:00:00+02:00,0.4790000021457672,0.47999998927116394,0.46399998664855957,0.4659999907016754,34945804,0.0,0.0,0.0
2026-02-01 00:00:00+02:00,0.4659999907016754,0.4690000116825104,0.4580000042915344,0.45899999141693115,51019721,0.0,0.0,0.0
2026-02-02 00:00:00+02:00,0.45899999141693115,0.4729999899864197,0.45899999141693115,0.4729999899864197,37747576,0.0,0.0,0.0
2026-02-03 00:00:00+02:00,0.4729999899864197,0.4909999966621399,0.4729999899864197,0.49000000953674316,57255977,0.0,0.0,0.0
2026-02-04 00:00:00+02:00,0.49000000953674316,0.4959999918937683,0.48500001430511475,0.48500001430511475,34403895,0.0,0.0,0.0
